Sample size,Part 1,Part 2
10.0,3725636.16,2073531.42
100.0,1368805.54,2072669.32
1000.0,9429005.14,5385827.04
10000.0,9.459348886E7,3.0401992E7
100000.0,9.9945960728E8,3.4520709556E8
